store;
KAVGL;London Dry Gin
VOGRV;Lovage
RLYPT;Malacca Gin
BJFSY;Blackcurrant Royal Gin
NJGHD;Rangpur
OSOUC;London Dry Gin
RFMTC;Malacca Gin
ZNXGY;Flor De Sevilla
YHJEF;Blackcurrant Royal Gin
CDBEG;Rangpur
HESOH;London Dry Gin
GXCUZ;Malacca Gin
APEJY;Lovage
EULLZ;Malacca Gin
FCMKE;Flor De Sevilla
KOGZY;London Dry Gin
XJUZW;Flor De Sevilla
DYDIZ;Lovage
RWBDH;London Dry Gin
SDOME;Blackcurrant Royal Gin
EGSFN;Blackcurrant Royal Gin
SHIKO;Lovage
ECVAU;Rangpur
EZEHJ;Blackcurrant Royal Gin
FBSIE;London Dry Gin
KBZAH;Rangpur
TNFLK;Blackcurrant Royal Gin
SRZOL;Blackcurrant Royal Gin
OKQPK;London Dry Gin
LEWJU;Blackcurrant Royal Gin
ZZGJO;Flor De Sevilla
WFYGX;Lovage
